source_file,workload_label,configured_tps,send_rate_tps,throughput_tps,avg_latency_s,max_latency_s,min_latency_s,succ,fail
src/reports/W1/report_10TPS_20260511_132707.html,W1_MintNeocoin,10.0,10.2,8.2,2.11,4.17,0.25,50,0
src/reports/W1/report_10TPS_20260511_133108.html,W1_MintNeocoin,10.0,10.2,7.7,2.28,4.26,0.46,50,0
src/reports/W1/report_10TPS_20260511_133301.html,W1_MintNeocoin,10.0,10.2,6.1,2.31,4.07,0.12,50,0
src/reports/W1/report_10TPS_20260511_133435.html,W1_MintNeocoin,10.0,10.2,7.4,2.19,4.1,0.24,50,0
src/reports/W1/report_10TPS_20260511_133702.html,W1_MintNeocoin,10.0,10.2,6.9,2.28,4.09,0.2,50,0
src/reports/W1/report_10TPS_20260511_133733.html,W1_MintNeocoin,10.0,10.2,6.0,2.21,4.04,0.1,50,0
src/reports/W1/report_10TPS_20260511_133753.html,W1_MintNeocoin,10.0,10.2,5.8,2.01,4.01,0.12,50,0
src/reports/W1/report_15TPS_20260512_175914.html,W1_MintNeocoin,15.0,15.3,8.7,2.15,4.09,0.22,50,0
src/reports/W1/report_15TPS_20260512_175942.html,W1_MintNeocoin,15.0,15.4,12.8,2.28,3.89,0.66,50,0
src/reports/W1/report_15TPS_20260512_175958.html,W1_MintNeocoin,15.0,15.3,12.6,2.34,3.95,0.71,50,0
src/reports/W1/report_15TPS_20260512_180014.html,W1_MintNeocoin,15.0,15.3,12.6,2.33,3.96,0.71,50,0
src/reports/W1/report_15TPS_20260512_180030.html,W1_MintNeocoin,15.0,15.3,13.0,2.22,3.83,0.6,50,0
src/reports/W1/report_20TPS_20260512_180158.html,W1_MintNeocoin,20.0,20.2,16.6,2.39,4.22,0.2,200,0
src/reports/W1/report_20TPS_20260512_180222.html,W1_MintNeocoin,20.0,20.1,17.0,2.31,4.24,0.18,200,0
src/reports/W1/report_20TPS_20260512_180246.html,W1_MintNeocoin,20.0,20.1,16.7,2.34,4.15,0.2,200,0
src/reports/W1/report_20TPS_20260512_180310.html,W1_MintNeocoin,20.0,20.1,16.6,2.43,4.37,0.22,200,0
src/reports/W1/report_20TPS_20260512_180334.html,W1_MintNeocoin,20.0,20.1,17.5,2.2,4.12,0.17,200,0
src/reports/W1/report_25TPS_20260512_180420.html,W1_MintNeocoin,25.0,25.1,16.9,2.35,4.43,0.22,200,0
src/reports/W1/report_25TPS_20260512_180454.html,W1_MintNeocoin,25.0,25.1,17.4,2.14,4.14,0.14,200,0
src/reports/W1/report_25TPS_20260512_180518.html,W1_MintNeocoin,25.0,25.1,16.6,2.32,4.35,0.25,200,0
src/reports/W1/report_25TPS_20260512_180542.html,W1_MintNeocoin,25.0,25.2,24.0,2.21,4.17,0.13,200,0
src/reports/W1/report_25TPS_20260512_180602.html,W1_MintNeocoin,25.0,25.1,16.9,2.16,4.12,0.16,200,0
src/reports/W1/report_30TPS_20260512_180647.html,W1_MintNeocoin,30.0,30.2,18.7,1.91,4.18,0.2,200,0
src/reports/W1/report_30TPS_20260512_180710.html,W1_MintNeocoin,30.0,30.2,24.7,2.42,4.13,0.25,200,0
src/reports/W1/report_30TPS_20260512_180730.html,W1_MintNeocoin,30.0,30.2,25.7,2.5,4.48,0.56,200,0
src/reports/W1/report_30TPS_20260512_180750.html,W1_MintNeocoin,30.0,30.2,25.3,2.36,4.1,0.26,200,0
src/reports/W1/report_30TPS_20260512_180810.html,W1_MintNeocoin,30.0,30.2,24.8,2.53,4.34,0.41,200,0
src/reports/W1/report_35TPS_20260512_180848.html,W1_MintNeocoin,35.0,35.2,31.2,1.99,4.2,0.21,200,0
src/reports/W1/report_35TPS_20260512_180906.html,W1_MintNeocoin,35.0,35.2,25.0,2.54,4.18,0.34,200,0
src/reports/W1/report_35TPS_20260512_180926.html,W1_MintNeocoin,35.0,35.2,24.8,2.65,4.31,0.46,200,0
src/reports/W1/report_35TPS_20260512_180958.html,W1_MintNeocoin,35.0,35.2,25.3,2.77,4.6,0.68,200,0
src/reports/W1/report_35TPS_20260512_181018.html,W1_MintNeocoin,35.0,35.2,23.7,2.39,4.21,0.09,200,0
src/reports/W1/report_40TPS_20260512_181536.html,W1_MintNeocoin,40.0,40.3,27.5,2.28,4.08,0.23,200,0
src/reports/W1/report_40TPS_20260512_181606.html,W1_MintNeocoin,40.0,40.3,24.2,2.67,4.34,0.21,200,0
src/reports/W1/report_40TPS_20260512_181626.html,W1_MintNeocoin,40.0,40.3,24.3,2.48,4.15,0.13,200,0
src/reports/W1/report_40TPS_20260512_181646.html,W1_MintNeocoin,40.0,40.2,23.7,2.36,4.28,0.11,200,0
src/reports/W1/report_40TPS_20260512_181706.html,W1_MintNeocoin,40.0,40.3,24.7,2.56,4.22,0.31,200,0
src/reports/W1/report_5TPS_20260512_175400.html,W1_MintNeocoin,5.0,5.1,4.8,1.97,4.12,0.12,50,0
src/reports/W1/report_5TPS_20260512_175713.html,W1_MintNeocoin,5.0,5.1,4.1,2.16,3.94,0.1,50,0
src/reports/W1/report_5TPS_20260512_175738.html,W1_MintNeocoin,5.0,5.1,3.8,1.96,3.91,0.1,50,0
src/reports/W1/report_5TPS_20260512_175802.html,W1_MintNeocoin,5.0,5.1,4.1,2.22,3.97,0.13,50,0
src/reports/W1/report_5TPS_20260512_175826.html,W1_MintNeocoin,5.0,5.1,4.1,2.55,4.36,0.38,50,0
src/reports/W1/report_5TPS_20260513_015018.html,W1_MintNeocoin,5.0,5.1,4.3,2.29,4.08,0.27,50,0
src/reports/W2/report_10TPS_20260515_001326.html,W2_CreatePreIrec,10.0,10.2,6.6,2.76,4.61,0.7,50,0
src/reports/W2/report_10TPS_20260515_001345.html,W2_CreatePreIrec,10.0,10.2,7.7,2.17,4.13,0.24,50,0
src/reports/W2/report_10TPS_20260515_001409.html,W2_CreatePreIrec,10.0,10.2,7.1,2.3,4.16,0.27,50,0
src/reports/W2/report_10TPS_20260515_001433.html,W2_CreatePreIrec,10.0,10.2,5.9,2.94,5.02,0.13,50,0
src/reports/W2/report_10TPS_20260515_001453.html,W2_CreatePreIrec,10.0,10.2,5.8,3.0,5.13,0.18,50,0
src/reports/W2/report_15TPS_20260515_001521.html,W2_CreatePreIrec,15.0,15.3,6.1,4.06,6.15,0.13,50,0
src/reports/W2/report_15TPS_20260515_001541.html,W2_CreatePreIrec,15.0,15.3,6.2,4.15,6.17,2.24,50,0
src/reports/W2/report_15TPS_20260515_001601.html,W2_CreatePreIrec,15.0,15.3,6.0,3.59,6.07,0.11,50,0
src/reports/W2/report_15TPS_20260515_001621.html,W2_CreatePreIrec,15.0,15.3,6.0,3.77,6.16,0.11,50,0
src/reports/W2/report_15TPS_20260515_001641.html,W2_CreatePreIrec,15.0,15.3,5.9,3.84,6.22,0.25,50,0
src/reports/W2/report_20TPS_20260515_002938.html,W2_CreatePreIrec,20.0,20.4,6.7,3.89,5.96,2.05,50,0
src/reports/W2/report_20TPS_20260515_003009.html,W2_CreatePreIrec,20.0,20.5,6.1,4.55,6.64,2.75,50,0
src/reports/W2/report_20TPS_20260515_003029.html,W2_CreatePreIrec,20.0,20.5,6.1,4.24,6.65,0.11,50,0
src/reports/W2/report_20TPS_20260515_003049.html,W2_CreatePreIrec,20.0,20.5,5.9,3.91,6.66,0.11,50,0
src/reports/W2/report_20TPS_20260515_003109.html,W2_CreatePreIrec,20.0,20.5,5.9,3.64,6.61,0.17,50,0
src/reports/W2/report_25TPS_20260515_002111.html,W2_CreatePreIrec,25.0,25.6,7.7,3.19,5.32,1.39,50,0
src/reports/W2/report_25TPS_20260515_002129.html,W2_CreatePreIrec,25.0,25.6,6.1,4.7,6.98,0.18,50,0
src/reports/W2/report_25TPS_20260515_002149.html,W2_CreatePreIrec,25.0,25.6,6.9,3.95,6.09,2.19,50,0
src/reports/W2/report_25TPS_20260515_002213.html,W2_CreatePreIrec,25.0,25.6,5.9,3.88,6.95,0.16,50,0
src/reports/W2/report_25TPS_20260515_002233.html,W2_CreatePreIrec,25.0,25.6,5.9,3.9,6.95,0.14,50,0
src/reports/W2/report_30TPS_20260515_003231.html,W2_CreatePreIrec,30.0,30.7,8.8,2.52,4.69,0.72,50,0
src/reports/W2/report_30TPS_20260515_003249.html,W2_CreatePreIrec,30.0,30.7,6.0,3.91,7.08,0.07,50,0
src/reports/W2/report_30TPS_20260515_003309.html,W2_CreatePreIrec,30.0,30.7,5.8,3.14,7.13,0.18,50,0
src/reports/W2/report_30TPS_20260515_003329.html,W2_CreatePreIrec,30.0,30.7,6.2,4.85,7.03,3.12,50,0
src/reports/W2/report_30TPS_20260515_003349.html,W2_CreatePreIrec,30.0,30.7,5.8,3.81,7.27,0.31,50,0
src/reports/W2/report_35TPS_20260515_003544.html,W2_CreatePreIrec,35.0,35.8,9.7,2.18,4.33,0.43,50,0
src/reports/W2/report_35TPS_20260515_003613.html,W2_CreatePreIrec,35.0,35.9,5.9,5.38,7.57,3.69,50,0
src/reports/W2/report_35TPS_20260515_003633.html,W2_CreatePreIrec,35.0,35.9,6.1,4.8,7.35,0.18,50,0
src/reports/W2/report_35TPS_20260515_003653.html,W2_CreatePreIrec,35.0,35.8,5.9,4.62,7.47,0.27,50,0
src/reports/W2/report_35TPS_20260515_003713.html,W2_CreatePreIrec,35.0,35.8,5.9,3.25,7.21,0.2,50,0
src/reports/W2/report_40TPS_20260515_001910.html,W2_CreatePreIrec,40.0,41.0,7.8,3.42,5.64,1.74,50,0
src/reports/W2/report_40TPS_20260515_001941.html,W2_CreatePreIrec,40.0,41.0,5.9,3.13,7.36,0.18,50,0
src/reports/W2/report_40TPS_20260515_002001.html,W2_CreatePreIrec,40.0,40.9,5.8,2.68,7.36,0.21,50,0
src/reports/W2/report_40TPS_20260515_002021.html,W2_CreatePreIrec,40.0,41.0,5.9,2.95,7.4,0.18,50,0
src/reports/W2/report_40TPS_20260515_002041.html,W2_CreatePreIrec,40.0,41.0,6.0,3.69,7.36,0.17,50,0
src/reports/W2/report_5TPS_20260515_001116.html,W2_CreatePreIrec,5.0,5.1,3.9,2.2,4.14,0.19,50,0
src/reports/W2/report_5TPS_20260515_001141.html,W2_CreatePreIrec,5.0,5.1,4.0,2.21,4.01,0.13,50,0
src/reports/W2/report_5TPS_20260515_001205.html,W2_CreatePreIrec,5.0,5.1,4.0,2.37,4.17,0.28,50,0
src/reports/W2/report_5TPS_20260515_001229.html,W2_CreatePreIrec,5.0,5.1,4.0,2.17,3.95,0.1,50,0
src/reports/W2/report_5TPS_20260515_001253.html,W2_CreatePreIrec,5.0,5.1,4.0,2.14,3.98,0.12,50,0
src/reports/W3/report_10TPS_20260512_174014.html,W3_BuyPreIrec,10.0,10.2,6.2,3.54,5.45,1.59,50,0
src/reports/W3/report_10TPS_20260512_174046.html,W3_BuyPreIrec,10.0,10.2,6.1,3.56,5.54,0.13,50,0
src/reports/W3/report_10TPS_20260512_174106.html,W3_BuyPreIrec,10.0,10.2,6.1,3.55,5.51,0.12,50,0
src/reports/W3/report_10TPS_20260512_174126.html,W3_BuyPreIrec,10.0,10.2,6.2,3.48,5.39,1.52,50,0
src/reports/W3/report_10TPS_20260512_174146.html,W3_BuyPreIrec,10.0,10.2,5.9,3.38,5.54,0.2,50,0
src/reports/W3/report_15TPS_20260513_005802.html,W3_BuyPreIrec,15.0,15.4,6.8,3.67,5.63,1.74,50,0
src/reports/W3/report_15TPS_20260513_014410.html,W3_BuyPreIrec,15.0,15.3,6.0,4.18,6.42,0.13,50,0
src/reports/W3/report_20TPS_20260513_010927.html,W3_BuyPreIrec,20.0,20.5,7.4,3.47,5.44,1.55,50,0
src/reports/W3/report_20TPS_20260513_014448.html,W3_BuyPreIrec,20.0,20.5,6.6,4.28,6.27,2.34,50,0
src/reports/W3/report_25TPS_20260513_010955.html,W3_BuyPreIrec,25.0,25.6,8.1,3.09,5.12,1.14,50,0
src/reports/W3/report_30TPS_20260513_011037.html,W3_BuyPreIrec,30.0,30.8,5.9,4.31,7.31,0.2,50,0
src/reports/W3/report_35TPS_20260513_013404.html,W3_BuyPreIrec,35.0,35.9,7.8,3.63,5.69,1.67,50,0
src/reports/W3/report_40TPS_20260513_013434.html,W3_BuyPreIrec,40.0,41.0,6.2,5.45,7.46,3.54,50,0
src/reports/W3/report_5TPS_20260513_005345.html,W3_BuyPreIrec,5.0,5.1,3.8,2.28,4.21,0.31,50,0
src/reports/W3/report_5TPS_20260513_014335.html,W3_BuyPreIrec,5.0,5.1,4.7,2.09,4.07,0.26,50,0
src/reports/W4/report_10TPS_20260512_193951.html,W4_MintIREC,10.0,10.2,2.9,6.2,12.9,0.54,50,0
src/reports/W4/report_10TPS_20260512_194030.html,W4_MintIREC,10.0,10.2,2.4,7.37,15.6,0.18,50,0
src/reports/W4/report_10TPS_20260512_194102.html,W4_MintIREC,10.0,10.2,2.4,7.68,15.66,0.23,50,0
src/reports/W4/report_10TPS_20260512_194134.html,W4_MintIREC,10.0,10.2,2.5,7.63,15.58,0.16,50,0
src/reports/W4/report_10TPS_20260512_194206.html,W4_MintIREC,10.0,10.2,2.4,7.71,15.69,0.26,50,0
src/reports/W4/report_15TPS_20260512_195144.html,W4_MintIREC,15.0,15.3,2.5,8.02,17.12,0.18,50,0
src/reports/W4/report_15TPS_20260512_195226.html,W4_MintIREC,15.0,15.3,2.5,8.37,17.14,0.19,50,0
src/reports/W4/report_15TPS_20260512_195258.html,W4_MintIREC,15.0,15.3,2.9,7.0,14.47,0.76,50,0
src/reports/W4/report_15TPS_20260512_195326.html,W4_MintIREC,15.0,15.3,2.4,8.5,17.24,0.29,50,0
src/reports/W4/report_15TPS_20260512_195358.html,W4_MintIREC,15.0,15.3,2.5,8.37,17.13,0.17,50,0
src/reports/W4/report_20TPS_20260512_195508.html,W4_MintIREC,20.0,20.4,2.7,8.66,16.47,2.2,50,0
src/reports/W4/report_20TPS_20260512_195538.html,W4_MintIREC,20.0,20.5,3.0,7.47,14.45,0.17,50,0
src/reports/W4/report_20TPS_20260512_195606.html,W4_MintIREC,20.0,20.4,3.0,8.01,14.49,0.15,50,0
src/reports/W4/report_20TPS_20260512_195634.html,W4_MintIREC,20.0,20.4,3.0,7.47,14.48,0.13,50,0
src/reports/W4/report_20TPS_20260512_195702.html,W4_MintIREC,20.0,20.4,2.9,7.34,15.12,0.85,50,0
src/reports/W4/report_25TPS_20260512_230456.html,W4_MintIREC,25.0,25.6,2.6,9.26,17.19,2.76,50,0
src/reports/W4/report_25TPS_20260512_230538.html,W4_MintIREC,25.0,25.6,3.0,7.08,14.78,0.21,50,0
src/reports/W4/report_25TPS_20260512_230606.html,W4_MintIREC,25.0,25.5,2.4,8.8,18.52,0.38,50,0
src/reports/W4/report_25TPS_20260512_230638.html,W4_MintIREC,25.0,25.6,3.0,7.08,14.78,0.19,50,0
src/reports/W4/report_25TPS_20260512_230706.html,W4_MintIREC,25.0,25.6,3.0,7.09,14.81,0.22,50,0
src/reports/W4/report_30TPS_20260512_231025.html,W4_MintIREC,30.0,30.8,2.5,10.49,18.62,3.81,50,0
src/reports/W4/report_30TPS_20260512_231118.html,W4_MintIREC,30.0,30.9,2.5,9.11,18.62,0.19,50,0
src/reports/W4/report_30TPS_20260512_231150.html,W4_MintIREC,30.0,30.8,2.5,8.73,18.57,0.19,50,0
src/reports/W4/report_30TPS_20260512_231222.html,W4_MintIREC,30.0,30.8,2.5,9.1,18.64,0.19,50,0
src/reports/W4/report_30TPS_20260512_231254.html,W4_MintIREC,30.0,30.7,2.5,10.48,18.61,3.78,50,0
src/reports/W4/report_35TPS_20260512_231345.html,W4_MintIREC,35.0,35.9,2.9,7.97,16.17,1.21,50,0
src/reports/W4/report_35TPS_20260512_231414.html,W4_MintIREC,35.0,35.9,2.5,10.6,18.78,3.8,50,0
src/reports/W4/report_35TPS_20260512_231446.html,W4_MintIREC,35.0,35.8,2.5,8.84,18.8,0.2,50,0
src/reports/W4/report_35TPS_20260512_231518.html,W4_MintIREC,35.0,35.9,2.5,10.59,18.8,3.85,50,0
src/reports/W4/report_35TPS_20260512_231550.html,W4_MintIREC,35.0,35.9,2.6,10.03,18.23,3.25,50,0
src/reports/W4/report_40TPS_20260512_231644.html,W4_MintIREC,40.0,41.1,2.7,8.95,17.22,2.12,50,0
src/reports/W4/report_40TPS_20260512_231714.html,W4_MintIREC,40.0,41.1,3.1,7.91,15.34,0.17,50,0
src/reports/W4/report_40TPS_20260512_231742.html,W4_MintIREC,40.0,41.2,2.5,10.71,18.98,3.9,50,0
src/reports/W4/report_40TPS_20260512_231814.html,W4_MintIREC,40.0,41.0,2.5,10.78,19.04,3.96,50,0
src/reports/W4/report_40TPS_20260512_231846.html,W4_MintIREC,40.0,41.2,2.5,9.28,19.0,0.18,50,0
src/reports/W4/report_5TPS_20260512_185445.html,W4_MintIREC,5.0,5.1,2.4,5.4,11.16,0.46,50,0
src/reports/W4/report_5TPS_20260512_185518.html,W4_MintIREC,5.0,5.1,2.8,4.79,9.44,0.27,50,0
src/reports/W4/report_5TPS_20260512_185550.html,W4_MintIREC,5.0,5.1,2.7,5.19,9.99,0.95,50,0
src/reports/W4/report_5TPS_20260512_185622.html,W4_MintIREC,5.0,5.1,2.4,5.56,11.2,0.2,50,0
src/reports/W4/report_5TPS_20260512_185658.html,W4_MintIREC,5.0,5.1,2.8,5.04,9.71,0.61,50,0
src/reports/W4/report_5TPS_20260513_014859.html,W4_MintIREC,5.0,5.1,2.7,4.96,9.8,0.7,50,0
src/reports/W5/report_10TPS_20260512_232305.html,W5_OpenTradeOffer,10.0,10.2,5.9,2.48,4.43,0.13,50,0
src/reports/W5/report_10TPS_20260512_232326.html,W5_OpenTradeOffer,10.0,10.2,6.3,2.67,4.36,0.52,50,0
src/reports/W5/report_10TPS_20260512_232346.html,W5_OpenTradeOffer,10.0,10.2,6.2,2.81,4.47,0.67,50,0
src/reports/W5/report_10TPS_20260512_232406.html,W5_OpenTradeOffer,10.0,10.2,6.1,2.69,4.47,0.1,50,0
src/reports/W5/report_10TPS_20260512_232426.html,W5_OpenTradeOffer,10.0,10.2,6.1,2.64,4.41,0.07,50,0
src/reports/W5/report_15TPS_20260512_232459.html,W5_OpenTradeOffer,15.0,15.3,7.2,2.51,4.58,0.72,50,0
src/reports/W5/report_15TPS_20260512_232518.html,W5_OpenTradeOffer,15.0,15.3,6.2,3.67,5.73,1.88,50,0
src/reports/W5/report_15TPS_20260512_232538.html,W5_OpenTradeOffer,15.0,15.3,6.0,3.16,5.67,0.15,50,0
src/reports/W5/report_15TPS_20260512_232558.html,W5_OpenTradeOffer,15.0,15.3,6.0,3.26,5.69,0.13,50,0
src/reports/W5/report_15TPS_20260512_232618.html,W5_OpenTradeOffer,15.0,15.3,8.0,2.11,4.14,0.26,50,0
src/reports/W5/report_20TPS_20260512_232706.html,W5_OpenTradeOffer,20.0,20.4,6.2,3.96,6.26,2.32,50,0
src/reports/W5/report_20TPS_20260512_232726.html,W5_OpenTradeOffer,20.0,20.5,6.2,4.06,6.32,2.44,50,0
src/reports/W5/report_20TPS_20260512_232746.html,W5_OpenTradeOffer,20.0,20.5,6.1,4.18,6.43,2.57,50,0
src/reports/W5/report_20TPS_20260512_232806.html,W5_OpenTradeOffer,20.0,20.5,6.2,4.03,6.32,2.4,50,0
src/reports/W5/report_20TPS_20260512_232826.html,W5_OpenTradeOffer,20.0,20.5,6.3,3.89,6.15,2.27,50,0
src/reports/W5/report_25TPS_20260512_232855.html,W5_OpenTradeOffer,25.0,25.6,7.4,2.95,5.32,1.42,50,0
src/reports/W5/report_25TPS_20260512_232914.html,W5_OpenTradeOffer,25.0,25.7,6.2,4.3,6.69,2.77,50,0
src/reports/W5/report_25TPS_20260512_232934.html,W5_OpenTradeOffer,25.0,25.6,6.1,4.18,6.69,0.1,50,0
src/reports/W5/report_25TPS_20260512_232954.html,W5_OpenTradeOffer,25.0,25.6,6.1,4.14,6.67,0.06,50,0
src/reports/W5/report_25TPS_20260512_233014.html,W5_OpenTradeOffer,25.0,25.5,6.0,4.31,6.81,0.24,50,0
src/reports/W5/report_30TPS_20260512_233048.html,W5_OpenTradeOffer,30.0,30.8,8.5,2.27,4.71,0.82,50,0
src/reports/W5/report_30TPS_20260512_233106.html,W5_OpenTradeOffer,30.0,30.8,5.9,2.92,6.87,0.12,50,0
src/reports/W5/report_30TPS_20260512_233126.html,W5_OpenTradeOffer,30.0,30.7,6.8,3.66,6.14,2.2,50,0
src/reports/W5/report_30TPS_20260512_233154.html,W5_OpenTradeOffer,30.0,30.7,5.9,3.51,6.95,0.25,50,0
src/reports/W5/report_30TPS_20260512_233214.html,W5_OpenTradeOffer,30.0,30.7,10.8,2.68,4.16,0.15,50,0
src/reports/W5/report_35TPS_20260512_233841.html,W5_OpenTradeOffer,35.0,35.9,8.0,2.74,5.24,1.34,50,0
src/reports/W5/report_35TPS_20260512_233910.html,W5_OpenTradeOffer,35.0,35.9,6.0,3.56,7.09,0.13,50,0
src/reports/W5/report_35TPS_20260512_233930.html,W5_OpenTradeOffer,35.0,35.8,11.0,2.72,4.15,0.15,50,0
src/reports/W5/report_35TPS_20260512_233946.html,W5_OpenTradeOffer,35.0,35.9,5.9,4.73,7.36,0.37,50,0
src/reports/W5/report_35TPS_20260512_234006.html,W5_OpenTradeOffer,35.0,35.9,6.1,3.91,7.06,0.14,50,0
src/reports/W5/report_40TPS_20260512_234257.html,W5_OpenTradeOffer,40.0,41.3,9.6,1.95,4.37,0.49,50,0
src/reports/W5/report_40TPS_20260512_234314.html,W5_OpenTradeOffer,40.0,41.2,6.2,4.63,7.18,3.26,50,0
src/reports/W5/report_40TPS_20260512_234334.html,W5_OpenTradeOffer,40.0,41.0,6.1,4.4,7.23,0.09,50,0
src/reports/W5/report_40TPS_20260512_234354.html,W5_OpenTradeOffer,40.0,40.9,6.4,4.37,6.96,3.0,50,0
src/reports/W5/report_40TPS_20260512_234426.html,W5_OpenTradeOffer,40.0,41.1,6.3,4.53,7.05,3.18,50,0
src/reports/W5/report_5TPS_20260512_232023.html,W5_OpenTradeOffer,5.0,5.1,4.4,2.19,4.01,0.21,50,0
src/reports/W5/report_5TPS_20260512_232046.html,W5_OpenTradeOffer,5.0,5.1,4.1,2.38,4.16,0.17,50,0
src/reports/W5/report_5TPS_20260512_232110.html,W5_OpenTradeOffer,5.0,5.1,4.1,2.39,4.13,0.26,50,0
src/reports/W5/report_5TPS_20260512_232146.html,W5_OpenTradeOffer,5.0,5.1,4.1,2.32,4.08,0.19,50,0
src/reports/W5/report_5TPS_20260512_232210.html,W5_OpenTradeOffer,5.0,5.1,4.1,2.47,4.18,0.38,50,0
src/reports/W5/report_5TPS_20260513_014826.html,W5_OpenTradeOffer,5.0,5.1,4.2,2.31,4.04,0.24,50,0
src/reports/W6/report_10TPS_20260513_005544.html,W6_BuyTradeOffer,10.0,10.2,9.4,1.97,4.2,0.23,50,0
src/reports/W6/report_15TPS_20260513_014624.html,W6_BuyTradeOffer,15.0,15.3,7.4,1.97,4.06,0.24,50,0
src/reports/W6/report_20TPS_20260513_022231.html,W6_BuyTradeOffer,20.0,20.5,15.2,2.06,3.27,0.85,50,0
src/reports/W6/report_25TPS_20260513_083658.html,W6_BuyTradeOffer,25.0,25.7,10.4,2.83,4.33,0.22,50,0
src/reports/W6/report_30TPS_20260513_084906.html,W6_BuyTradeOffer,30.0,30.8,15.8,2.34,3.14,1.53,50,0
src/reports/W6/report_35TPS_20260513_090732.html,W6_BuyTradeOffer,35.0,36.0,20.5,1.74,2.44,1.05,50,0
src/reports/W6/report_40TPS_20260513_092100.html,W6_BuyTradeOffer,40.0,41.0,20.9,1.78,2.37,1.18,50,0
src/reports/W6/report_5TPS_20260512_234542.html,W6_BuyTradeOffer,5.0,5.1,4.3,2.26,4.04,0.24,50,0
src/reports/W6/report_5TPS_20260512_234606.html,W6_BuyTradeOffer,5.0,5.1,4.2,,,,0,50
src/reports/W7/report_10TPS_20260512_234900.html,W7_BurnIREC,10.0,10.2,4.6,3.65,6.85,1.05,50,0
src/reports/W7/report_10TPS_20260513_005641.html,W7_BurnIREC,10.0,10.2,2.0,9.83,20.12,0.27,50,0
src/reports/W7/report_10TPS_20260513_010727.html,W7_BurnIREC,10.0,10.2,3.5,4.98,10.05,1.17,50,0
src/reports/W7/report_10TPS_20260513_010754.html,W7_BurnIREC,10.0,10.2,3.2,6.1,11.13,2.36,50,0
src/reports/W7/report_15TPS_20260512_234944.html,W7_BurnIREC,15.0,15.3,5.0,3.72,7.43,0.9,50,0
src/reports/W7/report_15TPS_20260513_010111.html,W7_BurnIREC,15.0,15.4,3.4,5.95,11.72,1.8,50,0
src/reports/W7/report_20TPS_20260512_235016.html,W7_BurnIREC,20.0,20.5,4.8,4.4,8.33,1.48,50,0
src/reports/W7/report_20TPS_20260513_010206.html,W7_BurnIREC,20.0,20.5,3.3,6.81,12.89,2.43,50,0
src/reports/W7/report_25TPS_20260512_235134.html,W7_BurnIREC,25.0,25.6,4.3,5.98,10.09,3.01,50,0
src/reports/W7/report_25TPS_20260513_010317.html,W7_BurnIREC,25.0,25.6,3.9,4.81,11.09,0.39,50,0
src/reports/W7/report_30TPS_20260512_235225.html,W7_BurnIREC,30.0,30.8,5.6,3.48,7.66,0.58,50,0
src/reports/W7/report_30TPS_20260513_010353.html,W7_BurnIREC,30.0,30.7,3.9,5.01,11.36,0.52,50,0
src/reports/W7/report_35TPS_20260512_235257.html,W7_BurnIREC,35.0,35.5,5.4,3.85,8.13,0.87,50,0
src/reports/W7/report_35TPS_20260513_010454.html,W7_BurnIREC,35.0,35.9,4.0,6.12,11.41,0.21,50,0
src/reports/W7/report_40TPS_20260512_235323.html,W7_BurnIREC,40.0,41.1,4.7,5.34,9.7,2.28,50,0
src/reports/W7/report_40TPS_20260513_010542.html,W7_BurnIREC,40.0,41.2,3.3,7.62,14.17,2.99,50,0
src/reports/W7/report_5TPS_20260512_234742.html,W7_BurnIREC,5.0,5.1,2.0,7.45,14.83,0.21,50,0
src/reports/W7/report_5TPS_20260512_235409.html,W7_BurnIREC,5.0,5.1,3.5,2.21,4.32,0.41,50,0
src/reports/W7/report_5TPS_20260512_235446.html,W7_BurnIREC,5.0,5.1,4.2,2.4,4.12,0.34,50,0
src/reports/W7/report_5TPS_20260513_010633.html,W7_BurnIREC,5.0,5.1,3.0,3.45,7.16,0.18,50,0
src/reports/W7/report_5TPS_20260513_014737.html,W7_BurnIREC,5.0,5.1,1.7,9.65,19.67,0.29,50,0
